West Bengal,"9 June, 2020"
Chennai,"9 December, 2015"
Kerala,"9 August, 2019"
Kerala,"9 August, 2018"
Assam,"8 June, 2015"
Bangladesh,"8 January, 2020"
Odisha,"8 August, 2019"
Madhya Pradesh,"8 August, 2016"
Bihar,"8 August, 2016"
Odisha,"8 August, 2014"
Kerala,"7 September, 2018"
Assam,"7 September, 2015"
Andhra Pradesh,"7 March, 2014"
Gujarat,"7 July, 2020"
Karnataka,"7 July, 2020"
Tamil Nadu,"7 August, 2013"
Odisha,"6 May, 2019"
West Bengal,"6 May, 2019"
Mizoram,"6 June, 2018"
Bihar,"6 June, 2013"
Tamil Nadu,"6 December, 2018"
Karnataka,"6 August, 2019"
Manipur,"6 August, 2015"
Odisha,"6 August, 2014"
Mumbai,"5 September, 2019"
Uttar Pradesh,"5 September, 2018"
Nagaland,"5 September, 2018"
Assam,"5 June, 2017"
Uttarakhand,"5 July, 2016"
Gujarat,"5 August, 2019"
Maharashtra,"5 August, 2019"
Andhra Pradesh,"5 August, 2019"
Odisha,"5 August, 2014"
Himalaya,"4 September, 2017"
Mumbai,"4 September, 2017"
Bihar,"4 September, 2013"
Maharashtra,"4 June, 2020"
Assam,"4 July, 2017"
Maharashtra,"31 July, 2019"
Assam,"31 July, 2016"
Uttar Pradesh,"30 September, 2019"
Bihar,"30 September, 2019"
Karnataka,"30 May, 2018"
Assam,"30 June, 2015"
Odisha,"30 July, 2015"
Maharashtra,"30 August, 2017"
Tamil Nadu,"3 November, 2017"
Assam,"3 June, 2020"
Maharashtra,"3 July, 2019"
Tamil Nadu,"3 December, 2019"
Assam,"3 August, 2018"
West Bengal,"3 August, 2017"
Maharastra,"3 August, 2016"
Bihar,"3 August, 2016"
Andhra Pradesh,"29 September, 2016"
Meghalaya,"29 September, 2014"
Assam,"29 September, 2014"
Assam,"29 October, 2019"
Nagaland,"29 October, 2019"
Manipur,"29 October, 2019"
Andhra Pradesh,"29 October, 2013"
Assam,"29 June, 2020"
Madhya Pradesh,"29 July, 2015"
Telangana,"28 September, 2016"
Assam,"28 May, 2020"
Assam,"28 June, 2019"
Assam,"28 June, 2013"
Bihar,"28 July, 2016"
Gujarat,"27 September, 2013"
Andhra Pradesh,"27 November, 2013"
Tripura,"27 May, 2019"
Assam,"27 June, 2014"
Bihar,"27 July, 2020"
Assam,"27 July, 2020"
Gujarat,"27 July, 2017"
Maharashtra,"26 September, 2019"
Assam,"26 June, 2014"
West Bengal,"26 July, 2016"
Madhya Pradesh,"26 August, 2013"
Gujarat,"26 August, 2013"
West Bengal,"26 August, 2013"
Odisha,"25 October, 2013"
Andhra Pradesh,"25 October, 2013"
Assam,"25 May, 2020"
Gujarat,"25 June, 2015"
Assam,"25 July, 2016"
Maharashtra,"25 July, 2014"
Chhattisgarh,"25 July, 2014"
Odisha,"25 July, 2014"
Bihar,"25 August, 2016"
Assam,"24 July, 2017"
Madhya Pradesh,"24 July, 2014"
Karnataka,"23 October, 2019"
Tripura,"23 May, 2018"
Kerala,"23 July, 2019"
Uttar Pradesh,"23 August, 2017"
West Bengal,"23 August, 2013"
Meghalaya,"23 April, 2017"
Andhra Pradesh,"22 July, 2013"
Uttar Pradesh,"22 August, 2016"
Bihar,"22 August, 2016"
Madhya Pradesh,"22 August, 2016"
West Bengal,"21 May, 2020"
Assam,"21 June, 2020"
Uttarakhand,"21 July, 2014"
Uttar Pradesh,"21 July, 2013"
Bihar,"21 August, 2017"
Bihar,"21 August, 2014"
Assam,"20 May, 2016"
Kerala,"20 August, 2018"
Chennai,"2 December, 2015"
Uttarakhand,"19 June, 2013"
Uttar Pradesh,"19 July, 2014"
Chennai,"18 October, 2019"
Tamil Nadu,"18 May, 2015"
Odisha,"18 June, 2019"
Kerala,"18 July, 2018"
Rajasthan,"17 September, 2019"
Bihar,"17 July, 2020"
Uttar Pradesh,"17 July, 2020"
Gujarat,"17 July, 2017"
Odisha,"17 July, 2017"
Uttar Pradesh,"17 August, 2014"
West Bengal,"16 July, 2013"
Kerala,"16 August, 2019"
Bihar,"16 August, 2014"
Madhya Pradesh,"15 September, 2019"
Odisha,"15 October, 2013"
Assam,"15 June, 2018"
Tripura,"15 June, 2018"
Manipur,"15 June, 2018"
Kerala,"15 June, 2018"
Bihar,"15 July, 2019"
Tripura,"15 July, 2019"
Himachal Pradesh,"15 August, 2017"
Bengal,"14 May, 2019"
Assam,"14 July, 2020"
Bihar,"14 July, 2020"
Assam,"14 July, 2020"
West Bengal,"14 July, 2020"
Odisha,"14 August, 2019"
Himachal Pradesh,"14 August, 2018"
Assam,"14 August, 2017"
Bihar,"14 August, 2017"
Maharashtra,"14 August, 2015"
Himachal Pradesh,"14 August, 2014"
Bangladesh,"13 June, 2017"
Assam,"13 July, 2017"
Assam,"13 July, 2017"
Tamil Nadu,"13 December, 2016"
Andhra Pradesh,"13 December, 2016"
Odisha,"12 September, 2018"
Odisha,"12 October, 2018"
Bengal,"12 November, 2019"
Maharashtra,"12 June, 2014"
Madhya Pradesh,"12 July, 2016"
Assam,"12 July, 2016"
Kerala,"12 August, 2019"
Karnataka,"12 August, 2019"
Maharashtra,"12 August, 2019"
Gujarat,"12 August, 2019"
Srinagar,"11 September, 2014"
Gujarat,"11 September, 2014"
Gujarat,"11 November, 2013"
Assam,"11 July, 2019"
Maharashtra,"11 July, 2018"
Bihar,"11 July, 2013"
Tamil Nadu,"11 December, 2015"
Odisha,"11 August, 2014"
Assam,"10 September, 2015"
Andhra Pradesh,"10 October, 2013"
Odisha,"10 October, 2013"
Assam,"1 September, 2015"
Dehli,"1 October, 2013"
Assam,"1 July, 2020"
Uttarakhand,"1 July, 2016"
Delhi,"1 August, 2018"